Job Title,Company,Experience Needed,Salary,Vacancy Link
Data Analyst,TVS Srichakra,0-2 Yrs,Not disclosed,https://www.naukri.com/job-listings-data-analyst-tvs-srichakra-madurai-0-to-2-years-170423002921
Data Analyst,Premium,0-2 Yrs,4-8 Lacs PA,https://www.naukri.com/job-listings-data-analyst-noida-new-delhi-gurgaon-gurugram-0-to-2-years-240423004282
Data Analyst  @ Heritage Nutrivet Limited,Heritage Foods,2-7 Yrs,Not disclosed,https://www.naukri.com/job-listings-data-analyst-heritage-nutrivet-limited-heritage-foods-jubilee-hills-hyderabad-2-to-7-years-210423605197
Data Analyst,Randstad India,2-7 Yrs,2.5-7 Lacs PA,https://www.naukri.com/job-listings-data-analyst-randstad-india-pune-2-to-7-years-160323007227
Data Analyst,Ascendion Engineering,3-5 Yrs,Not disclosed,https://www.naukri.com/job-listings-data-analyst-ascendion-ahmedabad-3-to-5-years-250423501975
Data Engineer/ Data Analyst,ANZ,1-2 Yrs,Not disclosed,https://www.naukri.com/job-listings-data-engineer-data-analyst-anz-support-services-india-pvt-ltd-bangalore-bengaluru-1-to-2-years-250423500401
Data Engineer/ Data Analyst,ANZ,1-2 Yrs,Not disclosed,https://www.naukri.com/job-listings-data-engineer-data-analyst-anz-banking-group-bangalore-bengaluru-1-to-2-years-250423500398
Data Analyst,Bayer,2-5 Yrs,Not disclosed,https://www.naukri.com/job-listings-data-analyst-bayer-cropscience-ltd-bangalore-bengaluru-2-to-5-years-180423500645
Data Analyst  @ Heritage Nutrivet Limited,Heritage Nutrivet Limited,2-7 Yrs,Not disclosed,https://www.naukri.com/job-listings-data-analyst-heritage-nutrivet-limited-heritage-nutrivet-limited-jubilee-hills-hyderabad-2-to-7-years-210423005195
Data Analyst,Square Panda,1-3 Yrs,Not disclosed,https://www.naukri.com/job-listings-data-analyst-square-panda-education-pvt-ltd-mumbai-all-areas-1-to-3-years-190423004766
Data Analyst,Impetus Technologies,4-9 Yrs,Not disclosed,https://www.naukri.com/job-listings-data-analyst-impetus-technologies-noida-indore-hyderabad-secunderabad-bangalore-bengaluru-4-to-9-years-240423004431
Data Analyst - Strategy & Ops,Sprinklr,2-5 Yrs,Not disclosed,https://www.naukri.com/job-listings-data-analyst-strategy-ops-sprinklr-solutions-pvt-ltd-gurgaon-gurugram-2-to-5-years-250423500709
Data Analyst,Mm Staffing & Career Consultants,0-8 Yrs,Not disclosed,https://www.naukri.com/job-listings-data-analyst-mm-staffing-career-consultants-private-limited-bangalore-bengaluru-0-to-8-years-110423501693
Data Analyst,Clarivate,3-4 Yrs,Not disclosed,https://www.naukri.com/job-listings-data-analyst-clarivate-analytics-bangalore-bengaluru-3-to-4-years-250423500863
Data Analyst,GHX India Pvt LTD,5-10 Yrs,Not disclosed,https://www.naukri.com/job-listings-data-analyst-ghx-india-pvt-ltd-hyderabad-secunderabad-5-to-10-years-220423003427
Data Analyst - NDHM - Delhi,National Institute for Smart Government (NISG),4-9 Yrs,Not disclosed,https://www.naukri.com/job-listings-data-analyst-ndhm-delhi-national-institute-for-smart-government-nisg-new-delhi-4-to-9-years-241121006803
Data Analyst,Olangar Solutions Pvt Ltd,0-3 Yrs,1-3 Lacs PA,https://www.naukri.com/job-listings-data-analyst-olangar-solutions-pvt-ltd-bhubaneswar-0-to-3-years-120423008653
Data Analyst,Target,2-4 Yrs,Not disclosed,https://www.naukri.com/job-listings-data-analyst-target-corporation-india-pvt-ltd-bangalore-bengaluru-2-to-4-years-140423500095
Data Analyst,Standard Chartered Bank,2-5 Yrs,Not disclosed,https://www.naukri.com/job-listings-data-analyst-standard-chartered-bank-ltd-bangalore-bengaluru-2-to-5-years-210423502832
Data Analyst,IBM,2-4 Yrs,Not disclosed,https://www.naukri.com/job-listings-data-analyst-ibm-india-pvt-limited-bangalore-bengaluru-2-to-4-years-170323909709
Data Analyst,Globals Ites,2-3 Yrs,Not disclosed,https://www.naukri.com/job-listings-data-analyst-globals-ites-bangalore-bengaluru-2-to-3-years-110423006590
Data Analyst  _ 5 Years To 8 Years_ Pune/ Kolkata/ Chennai,Nihilent,5-8 Yrs,Not disclosed,https://www.naukri.com/job-listings-data-analyst-5-years-to-8-years-pune-kolkata-chennai-nihilent-kolkata-pune-chennai-5-to-8-years-210223005011
Data Analyst,Frost & Sullivan,2-6 Yrs,Not disclosed,https://www.naukri.com/job-listings-data-analyst-frost-sullivan-gurgaon-gurugram-chennai-mumbai-all-areas-2-to-6-years-190423005480
Data Analyst | Aakash Institute | Kerala,Parth Associates,0-3 Yrs,1-4 Lacs PA,https://www.naukri.com/job-listings-data-analyst-aakash-institute-kerala-parth-associates-cannanore-kannur-calicut-kozhikode-ravipuram-0-to-3-years-160423000701
Urgent Opening For Data Analyst | MNC | Bangalore(US Shift),Yellow Box Hr Services,4-9 Yrs,5.5-14 Lacs PA,https://www.naukri.com/job-listings-urgent-opening-for-data-analyst-mnc-bangalore-us-shift-yellow-box-hr-services-bangalore-bengaluru-4-to-9-years-180423009671
Urgent Hiring For Data Analyst For MNC - Bangalore,Yellow Box Hr Services,3-8 Yrs,5-13 Lacs PA,https://www.naukri.com/job-listings-urgent-hiring-for-data-analyst-for-mnc-bangalore-yellow-box-hr-services-bangalore-bengaluru-3-to-8-years-180423009250
Data Analyst,Varite,4-5 Yrs,Not disclosed,https://www.naukri.com/job-listings-data-analyst-varite-bangalore-bengaluru-4-to-5-years-110423006888
Data Analyst,Koch Industries,5-10 Yrs,Not disclosed,https://www.naukri.com/job-listings-data-analyst-koch-business-solutions-india-private-limited-bangalore-bengaluru-5-to-10-years-250423910076
Data Analyst III,Vimeo,2-5 Yrs,Not disclosed,https://www.naukri.com/job-listings-data-analyst-iii-vimeo-bangalore-bengaluru-2-to-5-years-250423501882
Data Analyst,Cardinal Drugs Ltd.,7-12 Yrs,Not disclosed,https://www.naukri.com/job-listings-data-analyst-cardinal-drugs-ltd-bangalore-bengaluru-7-to-12-years-250423500143
Data Analyst,Aecom,4-5 Yrs,Not disclosed,https://www.naukri.com/job-listings-data-analyst-aecom-india-private-limited-bangalore-bengaluru-4-to-5-years-240423906267
Data Analyst,NatWest Group,2-5 Yrs,Not disclosed,https://www.naukri.com/job-listings-data-analyst-natwest-markets-bangalore-bengaluru-2-to-5-years-240423500171
Data Analyst,Smiths,3-4 Yrs,Not disclosed,https://www.naukri.com/job-listings-data-analyst-smiths-group-plc-bangalore-bengaluru-3-to-4-years-240423500161
Data Analyst,Experian,3-5 Yrs,Not disclosed,https://www.naukri.com/job-listings-data-analyst-experian-plc-mumbai-3-to-5-years-250423501944
Omnichannel Data Analyst,Mirum,3-5 Yrs,Not disclosed,https://www.naukri.com/job-listings-omnichannel-data-analyst-mirum-digital-pvt-ltd-mumbai-3-to-5-years-250423501180
Data Analyst,S5 Agency World India Pvt Ltd,4-5 Yrs,Not disclosed,https://www.naukri.com/job-listings-data-analyst-s5-agency-world-india-pvt-ltd-navi-mumbai-4-to-5-years-250423006781
Data Analyst,Harita Techserv,0-5 Yrs,Not disclosed,https://www.naukri.com/job-listings-data-analyst-harita-techserv-hosur-0-to-5-years-180423003444
Data Analyst,Vdart Software Services,7-12 Yrs,Not disclosed,https://www.naukri.com/job-listings-data-analyst-vdart-software-services-hyderabad-secunderabad-chennai-bangalore-bengaluru-7-to-12-years-240423001417
Data Analyst Data Presentation Pdf,Pass 11 Plus Grammar Preparation,2-7 Yrs,"50,000-3 Lacs PA",https://www.naukri.com/job-listings-data-analyst-data-presentation-pdf-pass-11-plus-grammar-preparation-bangalore-bengaluru-delhi-ncr-mumbai-all-areas-2-to-7-years-130423009145
Data Analyst,Anita Dongre,1-5 Yrs,Not disclosed,https://www.naukri.com/job-listings-data-analyst-house-of-anita-dongre-limited-navi-mumbai-1-to-5-years-190423004654
Data Analyst,Ericsson,2-7 Yrs,Not disclosed,https://www.naukri.com/job-listings-data-analyst-ericsson-india-global-services-pvt-ltd-noida-2-to-7-years-210423500612
Data Analyst (UK),Amsi Technologies,3-5 Yrs,"30,000-40,000 PA",https://www.naukri.com/job-listings-data-analyst-uk-amsi-technologies-united-kingdom-3-to-5-years-240423000516
Data Analyst,GM Analytics Solutions,2-5 Yrs,Not disclosed,https://www.naukri.com/job-listings-data-analyst-gm-analytics-solutions-gurgaon-gurugram-2-to-5-years-130223005012
Data Analyst,Soni Brothers Outsourcing Solutions,3-5 Yrs,Not disclosed,https://www.naukri.com/job-listings-data-analyst-soni-brothers-outsourcing-solutions-ahmedabad-3-to-5-years-120423007335
Data Analyst,Patra India Bpo Services,3-6 Yrs,Not disclosed,https://www.naukri.com/job-listings-data-analyst-patra-india-bpo-services-pvt-ltd-visakhapatnam-vizag-3-to-6-years-110423500015
Data Analyst - FinTech,Primo Hiring,1-3 Yrs,Not disclosed,https://www.naukri.com/job-listings-data-analyst-fintech-primo-hiring-noida-ghaziabad-faridabad-gurgaon-gurugram-1-to-3-years-281222907477
Data Analyst,Ankura Hospital,3-8 Yrs,Not disclosed,https://www.naukri.com/job-listings-data-analyst-ankura-hospital-tirupati-khammam-hyderabad-secunderabad-3-to-8-years-240423501567
Data Analyst,Imaginarium,2-3 Yrs,Not disclosed,https://www.naukri.com/job-listings-data-analyst-imaginarium-india-pvt-ltd-pune-2-to-3-years-240423500806
Data Analyst,NatWest Group,2-5 Yrs,Not disclosed,https://www.naukri.com/job-listings-data-analyst-natwest-markets-gurgaon-gurugram-2-to-5-years-240423500169
Data Analyst,BNB GROUPE,3-8 Yrs,1-3.5 Lacs PA,https://www.naukri.com/job-listings-data-analyst-bnb-groupe-central-african-republic-3-to-8-years-240423005658
Data Analyst,Guidehouse,2-5 Yrs,Not disclosed,https://www.naukri.com/job-listings-data-analyst-guidehouse-trivandrum-thiruvananthapuram-2-to-5-years-130323007617
Data Analyst,Capco,7-12 Yrs,Not disclosed,https://www.naukri.com/job-listings-data-analyst-capco-kolkata-hyderabad-secunderabad-pune-bangalore-bengaluru-7-to-12-years-170423002520
Oracle Tax & Treasury PMO Contractor (Data Analyst),Oracle,3-7 Yrs,6-14 Lacs PA,https://www.naukri.com/job-listings-oracle-tax-treasury-pmo-contractor-data-analyst-oracle-bangalore-bengaluru-3-to-7-years-120423003754
Data Analyst,S&P Global Inc.,1-4 Yrs,Not disclosed,https://www.naukri.com/job-listings-data-analyst-s-p-global-inc-hyderabad-secunderabad-1-to-4-years-210423500941
Analyst Data intake,Unitedlex,2-4 Yrs,Not disclosed,https://www.naukri.com/job-listings-analyst-data-intake-unitedlex-delhi-ncr-2-to-4-years-250423006298
Data Analyst,Blinkit,0-2 Yrs,Not disclosed,https://www.naukri.com/job-listings-data-analyst-grofers-bangalore-bengaluru-0-to-2-years-290722500583
Data Analyst,Integreon,0-2 Yrs,Not disclosed,https://www.naukri.com/job-listings-data-analyst-integreon-mumbai-0-to-2-years-040722500979
Logistics Data Analyst,Reshamandi,1-3 Yrs,Not disclosed,https://www.naukri.com/job-listings-logistics-data-analyst-reshamandi-bangalore-bengaluru-1-to-3-years-190423500720
Data Analyst,Netradyne,2-4 Yrs,Not disclosed,https://www.naukri.com/job-listings-data-analyst-netradyne-bangalore-bengaluru-2-to-4-years-210423502170
Staff Data Analyst,DTS,10-12 Yrs,Not disclosed,https://www.naukri.com/job-listings-staff-data-analyst-xperi-bangalore-bengaluru-10-to-12-years-210423501037
Staff Data Analyst,Mobitv,10-20 Yrs,Not disclosed,https://www.naukri.com/job-listings-staff-data-analyst-mobitv-bangalore-bengaluru-10-to-20-years-210423500352
Data Analyst,Persolkelly India,2-5 Yrs,Not disclosed,https://www.naukri.com/job-listings-data-analyst-persolkelly-bangalore-bengaluru-2-to-5-years-200423501493
Data Analyst,Rootbridge Services,3-5 Yrs,Not disclosed,https://www.naukri.com/job-listings-data-analyst-rootbridge-services-bangalore-bengaluru-3-to-5-years-190423502305
Procurement Data analyst,Ascendion Engineering,2-5 Yrs,Not disclosed,https://www.naukri.com/job-listings-procurement-data-analyst-ascendion-bangalore-bengaluru-vadodara-baroda-2-to-5-years-190423501576
Salesforce Data Analyst,Jacobs ,3-5 Yrs,Not disclosed,https://www.naukri.com/job-listings-salesforce-data-analyst-jacobs-gurgaon-gurugram-3-to-5-years-250423501729
Omnichannel Data Analyst,Mirum,2-4 Yrs,Not disclosed,https://www.naukri.com/job-listings-omnichannel-data-analyst-social-wavelength-mumbai-2-to-4-years-210423500963
Omnichannel Data Analyst,Mirum,3-5 Yrs,Not disclosed,https://www.naukri.com/job-listings-omnichannel-data-analyst-mirum-mumbai-3-to-5-years-210423500915
Data Analyst,Coforge,8-10 Yrs,Not disclosed,https://www.naukri.com/job-listings-data-analyst-coforge-hyderabad-secunderabad-8-to-10-years-210423500311
Data Analyst,Schbang,6-11 Yrs,Not disclosed,https://www.naukri.com/job-listings-data-analyst-schbang-digital-mumbai-6-to-11-years-200423500224
Data Analyst/Data Specialist,Impendi Analytics,1-6 Yrs,6-13 Lacs PA,https://www.naukri.com/job-listings-data-analyst-data-specialist-impendi-analytics-pune-gurgaon-gurugram-mumbai-all-areas-1-to-6-years-200423004882
Data Analyst,Jeena Sikho Lifecare,1-3 Yrs,2-3.75 Lacs PA,https://www.naukri.com/job-listings-data-analyst-jeena-sikho-lifecare-navi-mumbai-1-to-3-years-190423009253
Staff Data Analyst,Tivo,10-15 Yrs,Not disclosed,https://www.naukri.com/job-listings-staff-data-analyst-tivo-bangalore-bengaluru-10-to-15-years-210423501464
Data Analyst,Adila It Consultancy Services,5-9 Yrs,4-9 Lacs PA,https://www.naukri.com/job-listings-data-analyst-adila-it-consultancy-services-bangalore-bengaluru-5-to-9-years-220423003012
AR Data Analyst,Hireworks Recruitment Consultants,1-5 Yrs,4-5 Lacs PA,https://www.naukri.com/job-listings-ar-data-analyst-hireworks-recruitment-consultants-hyderabad-secunderabad-chennai-bangalore-bengaluru-1-to-5-years-190423008209
Data Analyst,Symbiosis Management Consultants,3-5 Yrs,Not disclosed,https://www.naukri.com/job-listings-data-analyst-symbiosis-management-consultants-bangalore-bengaluru-3-to-5-years-110423010500
Data Analyst - Chennai,Larsen & Toubro (L&T),7-12 Yrs,"50,000-1 Lacs PA",https://www.naukri.com/job-listings-data-analyst-chennai-larsen-toubro-l-t-chennai-7-to-12-years-170423004887
Data Analyst - Unix Shell Scripting,Capgemini,2-7 Yrs,Not disclosed,https://www.naukri.com/job-listings-data-analyst-unix-shell-scripting-capgemini-chennai-2-to-7-years-090323904287
Data Analyst,Yulu Bikes,0-2 Yrs,Not disclosed,https://www.naukri.com/job-listings-data-analyst-yulu-bangalore-bengaluru-0-to-2-years-161122500306
Data Analyst - Marketplace & Omni channel,Myntra,2-4 Yrs,Not disclosed,https://www.naukri.com/job-listings-data-analyst-marketplace-omni-channel-myntra-com-bangalore-bengaluru-2-to-4-years-170423500347
Data Analyst,Tata Technologies,4-6 Yrs,Not disclosed,https://www.naukri.com/job-listings-data-analyst-tata-technologies-bangalore-bengaluru-4-to-6-years-120423004806
Data Analyst,SHARE Microfin,2-3 Yrs,Not disclosed,https://www.naukri.com/job-listings-data-analyst-share-microfin-hyderabad-secunderabad-2-to-3-years-060423003794
Data Analyst - FinTech,Primo Hiring,1-2 Yrs,Not disclosed,https://www.naukri.com/job-listings-data-analyst-fintech-primo-hiring-kolkata-mumbai-hyderabad-secunderabad-pune-chennai-gurgaon-gurugram-delhi-ncr-bangalore-bengaluru-1-to-2-years-281222907443
Hiring PostgreSQL Developer & Data Analyst - For Infosys /C2H/WFH,Orcapod Consulting Services,8-13 Yrs,Not disclosed,https://www.naukri.com/job-listings-hiring-postgresql-developer-data-analyst-for-infosys-c2h-wfh-orcapod-consulting-services-kolkata-hyderabad-secunderabad-pune-chennai-bangalore-bengaluru-mumbai-all-areas-8-to-13-years-110423004660
Data Analyst,"ChargePoint, Pvt. Ltd.",1-4 Yrs,Not disclosed,https://www.naukri.com/job-listings-data-analyst-chargepoint-pvt-ltd-gurgaon-gurugram-1-to-4-years-220423500577
Data Analyst,Wonderskool,2-7 Yrs,Not disclosed,https://www.naukri.com/job-listings-data-analyst-wonderskool-panchkula-2-to-7-years-210423500069
Data Analyst,Infor,1-3 Yrs,Not disclosed,https://www.naukri.com/job-listings-data-analyst-infor-hyderabad-secunderabad-1-to-3-years-230423500022
Data Analyst,Narang Garments,1-5 Yrs,1.75-2.5 Lacs PA,https://www.naukri.com/job-listings-data-analyst-narang-garments-new-delhi-delhi-ncr-1-to-5-years-220423002922
Data Analyst,"Qualifacts Systems, Inc.",2-4 Yrs,Not disclosed,https://www.naukri.com/job-listings-data-analyst-qualifacts-systems-inc-pune-2-to-4-years-210423501727
Data Analyst,Superior Electric Machines,4-5 Yrs,Not disclosed,https://www.naukri.com/job-listings-data-analyst-oceanofweb-noida-4-to-5-years-200423905104
Data Analyst,"ChargePoint, Pvt. Ltd.",2-4 Yrs,Not disclosed,https://www.naukri.com/job-listings-data-analyst-chargepoint-pvt-ltd-gurgaon-gurugram-2-to-4-years-200423500092
Data Analyst With ITCrats Info Solutions_ Hyderabad,Itcrats Info Solutions,5-10 Yrs,Not disclosed,https://www.naukri.com/job-listings-data-analyst-with-itcrats-info-solutions-hyderabad-itcrats-info-solutions-hyderabad-secunderabad-5-to-10-years-200423005103
Data Analyst(OBIA/OBIEE/ODI/ETL),GE Appliances,6-9 Yrs,Not disclosed,https://www.naukri.com/job-listings-data-analyst-obia-obiee-odi-etl-ge-appliances-hyderabad-secunderabad-6-to-9-years-190423501499
Data Analyst,Jones Lang LaSalle (JLL),5-7 Yrs,"50,000-60,000 PA",https://www.naukri.com/job-listings-data-analyst-jones-lang-lasalle-jll-pune-5-to-7-years-170423002442
Data Analyst,Fabel Services,7-10 Yrs,15-20 Lacs PA,https://www.naukri.com/job-listings-data-analyst-fabel-services-gurgaon-gurugram-delhi-ncr-7-to-10-years-200423005997
Data Analyst,Adroit People,7-10 Yrs,8-18 Lacs PA,https://www.naukri.com/job-listings-data-analyst-adroit-people-chennai-7-to-10-years-190423005677
Data Analyst,ICICI Lombard,3-4 Yrs,5-6 Lacs PA,https://www.naukri.com/job-listings-data-analyst-icici-lombard-mumbai-all-areas-3-to-4-years-310323006070
ESG Data Analyst : ESG Newsroom,Institutional Shareholder Services,1-3 Yrs,Not disclosed,https://www.naukri.com/job-listings-esg-data-analyst-esg-newsroom-institutional-shareholder-services-inc-mumbai-1-to-3-years-250323500533
Data Analyst,ICICI Lombard,3-6 Yrs,6-11 Lacs PA,https://www.naukri.com/job-listings-data-analyst-icici-lombard-mumbai-all-areas-3-to-6-years-060423009325
PCN Data Analyst,Arrow Electronics,1-2 Yrs,Not disclosed,https://www.naukri.com/job-listings-pcn-data-analyst-arrow-electronics-india-pvt-ltd-bangalore-bengaluru-1-to-2-years-251122500997
data analyst,Disha Consultants,2-4 Yrs,Not disclosed,https://www.naukri.com/job-listings-data-analyst-disha-consultant-pune-chennai-jaipur-bangalore-bengaluru-2-to-4-years-140621501222
ESG Data Analyst - Alternative Data (Japanese Speaking),Institutional Shareholder Services,2-7 Yrs,Not disclosed,https://www.naukri.com/job-listings-esg-data-analyst-alternative-data-japanese-speaking-institutional-shareholder-services-inc-mumbai-2-to-7-years-111121502431
Apprenticeship - Data Analyst - Goa,Cloudstrats Technologies Pvt Ltd,0-3 Yrs,Not disclosed,https://www.naukri.com/job-listings-apprenticeship-data-analyst-goa-cloudstrats-technologies-pvt-ltd-panaji-panjim-goa-0-to-3-years-140423008429
Data Analyst,S&P Global Inc.,0-2 Yrs,Not disclosed,https://www.naukri.com/job-listings-data-analyst-s-p-global-inc-hyderabad-secunderabad-gurgaon-gurugram-ahmedabad-0-to-2-years-281122504322
Data Analyst,S&P Global Inc.,0-6 Yrs,Not disclosed,https://www.naukri.com/job-listings-data-analyst-s-p-global-inc-ahmedabad-0-to-6-years-091222502092
Data Analyst,S&P Global Inc.,0-6 Yrs,Not disclosed,https://www.naukri.com/job-listings-data-analyst-s-p-global-inc-ahmedabad-0-to-6-years-060123501179
Data Analyst,S&P Global Inc.,0-2 Yrs,Not disclosed,https://www.naukri.com/job-listings-data-analyst-s-p-global-inc-hyderabad-secunderabad-0-to-2-years-040323500343
Opening For Data Analyst,Jobuss Resources Pvt.ltd,2-7 Yrs,2-6 Lacs PA,https://www.naukri.com/job-listings-opening-for-data-analyst-jobuss-resources-pvt-ltd-mumbai-thane-mumbai-all-areas-2-to-7-years-170423003106
Data Analyst,Amazech Systems,5-7 Yrs,Not disclosed,https://www.naukri.com/job-listings-data-analyst-amazech-systems-pvt-ltd-bangalore-bengaluru-5-to-7-years-180423003825
Data Analyst,Aventus Technology India,1-5 Yrs,Not disclosed,https://www.naukri.com/job-listings-data-analyst-aventus-technology-india-bangalore-bengaluru-1-to-5-years-140423003650
Data Analyst,SignEasy,2-5 Yrs,Not disclosed,https://www.naukri.com/job-listings-data-analyst-signeasy-bangalore-bengaluru-2-to-5-years-130423500421
Data Analyst,Exotrac,1-6 Yrs,Not disclosed,https://www.naukri.com/job-listings-data-analyst-exotrac-bangalore-bengaluru-1-to-6-years-130423010031
Data Analyst,Globals Ites,2-7 Yrs,Not disclosed,https://www.naukri.com/job-listings-data-analyst-globals-inc-bangalore-bengaluru-2-to-7-years-120423500563
Data analyst,Koch Industries,2-4 Yrs,Not disclosed,https://www.naukri.com/job-listings-data-analyst-koch-business-solutions-india-private-limited-bangalore-bengaluru-2-to-4-years-110423907098
Compliance Rule Writer/Data Analyst,Xoom,3-8 Yrs,Not disclosed,https://www.naukri.com/job-listings-compliance-rule-writer-data-analyst-xoom-inc-chennai-bangalore-bengaluru-3-to-8-years-110423501716
HCL is hiring Data Analyst - Chennai,HCLTech,5-8 Yrs,Not disclosed,https://www.naukri.com/job-listings-hcl-is-hiring-data-analyst-chennai-hcltech-chennai-5-to-8-years-280323007059
Data Analyst,Ziff Davis,5-8 Yrs,Not disclosed,https://www.naukri.com/job-listings-data-analyst-ziff-davis-mumbai-5-to-8-years-180423502044
Data Analyst,Vipre Security Group,5-10 Yrs,Not disclosed,https://www.naukri.com/job-listings-data-analyst-vipre-security-group-mumbai-5-to-10-years-170423501908
Omnichannel Data Analyst,Mirum,3-4 Yrs,Not disclosed,https://www.naukri.com/job-listings-omnichannel-data-analyst-mirum-india-formerly-social-wavelength-mumbai-3-to-4-years-170423501315
Data Analyst,"Retailmenot, Inc.",5-10 Yrs,Not disclosed,https://www.naukri.com/job-listings-data-analyst-retailmenot-inc-mumbai-5-to-10-years-170423500798
Data Analyst,J2 Cloud Services,5-10 Yrs,Not disclosed,https://www.naukri.com/job-listings-data-analyst-j2-cloud-services-mumbai-5-to-10-years-170423500789
Data Analyst,Acme Services,2-6 Yrs,Not disclosed,https://www.naukri.com/job-listings-data-analyst-acme-services-mumbai-2-to-6-years-170423500122
Data Analyst,Mirum,4-6 Yrs,Not disclosed,https://www.naukri.com/job-listings-data-analyst-mirum-digital-pvt-ltd-mumbai-4-to-6-years-120423502073
Data Analyst ( Robot Framework ),NR Consulting,3-6 Yrs,Not disclosed,https://www.naukri.com/job-listings-data-analyst-robot-framework-nr-consulting-bangalore-bengaluru-3-to-6-years-180423502083
Data Analyst,NR Consulting,2-7 Yrs,Not disclosed,https://www.naukri.com/job-listings-data-analyst-nr-consulting-bangalore-bengaluru-2-to-7-years-170423501693
Data Analyst,Megma Services,1-6 Yrs,Not disclosed,https://www.naukri.com/job-listings-data-analyst-megma-services-mumbai-1-to-6-years-170423905372
Data Analyst,Megma Services,1-6 Yrs,Not disclosed,https://www.naukri.com/job-listings-data-analyst-megma-services-mumbai-1-to-6-years-130423905064
"Data Analyst
",IDESLABS PRIVATE LIMITED,8-10 Yrs,Not disclosed,https://www.naukri.com/job-listings-data-analyst-ideslabs-private-limited-mumbai-8-to-10-years-180423910405
Data Analyst,Tekskills India,2-6 Yrs,1-4.5 Lacs PA,https://www.naukri.com/job-listings-data-analyst-tekskills-india-mumbai-2-to-6-years-170423006182
Data Analyst,Randstad India,1-6 Yrs,1-4 Lacs PA,https://www.naukri.com/job-listings-data-analyst-randstad-india-pune-1-to-6-years-080423000018
Data Analyst,Clarivate,2-4 Yrs,Not disclosed,https://www.naukri.com/job-listings-data-analyst-clarivate-analytics-bangalore-bengaluru-2-to-4-years-240323500152
Data Services Analyst,Insent,6-9 Yrs,Not disclosed,https://www.naukri.com/job-listings-data-services-analyst-insent-chennai-6-to-9-years-250423501569
Data Analyst,Excellence And Eminence,2-5 Yrs,Not disclosed,https://www.naukri.com/job-listings-data-analyst-excellence-and-eminence-llp-bangalore-bengaluru-2-to-5-years-010223500631
Data Analyst,Utkarsh Small Finance Bank,5-8 Yrs,Not disclosed,https://www.naukri.com/job-listings-data-analyst-utkarsh-small-finance-bank-mumbai-5-to-8-years-281020500908
Data Analyst,Augie,0-3 Yrs,Not disclosed,https://www.naukri.com/job-listings-data-analyst-augie-pets-india-pvt-limited-bangalore-bengaluru-0-to-3-years-290822500368
Data Analyst,Novel Office,0-2 Yrs,1.5-3 Lacs PA,https://www.naukri.com/job-listings-data-analyst-novel-office-bangalore-bengaluru-0-to-2-years-280223012450
Data Analyst,St. Johnâ€™s Research Institute,0-4 Yrs,Not disclosed,https://www.naukri.com/job-listings-data-analyst-st-john-s-research-institute-bengaluru-bangalore-0-to-4-years-210121501464
Data Analyst,Rystad Energy,0-3 Yrs,Not disclosed,https://www.naukri.com/job-listings-data-analyst-rystad-energy-india-private-limited-bangalore-bengaluru-0-to-3-years-160922502345
Data Analyst- Yulu Energy,Yulu Bikes,0-1 Yrs,Not disclosed,https://www.naukri.com/job-listings-data-analyst-yulu-energy-yulu-bike-bangalore-bengaluru-0-to-1-years-160223502171
Data Analyst,Bsharp,0-1 Yrs,Not disclosed,https://www.naukri.com/job-listings-data-analyst-bsharp-sales-enablers-hyderabad-secunderabad-ahmedabad-bangalore-bengaluru-0-to-1-years-101122501949
Data Analyst,Gosource Digihub,0-1 Yrs,2-3 Lacs PA,https://www.naukri.com/job-listings-data-analyst-gosource-digihub-mumbai-all-areas-0-to-1-years-030423007045
Data Analyst,P S International HR Consultants,0-4 Yrs,Not disclosed,https://www.naukri.com/job-listings-data-analyst-p-s-international-hr-consultants-mumbai-0-to-4-years-081022500461
Data Analyst,AgreeYa Solutions,3-7 Yrs,Not disclosed,https://www.naukri.com/job-listings-data-analyst-agreeya-solutions-noida-3-to-7-years-280323914641
Data Analyst,Cedcoss Technologies,3-6 Yrs,Not disclosed,https://www.naukri.com/job-listings-data-analyst-cedcoss-technologies-lucknow-3-to-6-years-180423008181
Data & Mi Analyst,Standard Chartered Bank,2-6 Yrs,Not disclosed,https://www.naukri.com/job-listings-data-mi-analyst-standard-chartered-bank-ltd-bangalore-bengaluru-2-to-6-years-120423500313
Alteryx Data Analyst,Anb Co,3-5 Yrs,6-16 Lacs PA,https://www.naukri.com/job-listings-alteryx-data-analyst-anb-co-new-delhi-hyderabad-secunderabad-pune-chennai-bangalore-bengaluru-mumbai-all-areas-3-to-5-years-200423006928
Data Analyst,Cohire Solutions,0-4 Yrs,3-4 Lacs PA,https://www.naukri.com/job-listings-data-analyst-cohire-solutions-mumbai-mumbai-all-areas-0-to-4-years-060423009939
Data Analyst,Quickxpert Infotech,0-5 Yrs,Not disclosed,https://www.naukri.com/job-listings-data-analyst-quickxpert-infotech-kolkata-indore-hyderabad-secunderabad-pune-ahmedabad-chennai-bangalore-bengaluru-delhi-ncr-mumbai-all-areas-0-to-5-years-200722010262
Data Annotation Analyst,Open Door,0-1 Yrs,Not disclosed,https://www.naukri.com/job-listings-data-annotation-analyst-opendoor-chennai-0-to-1-years-200423501490
Data Analyst,Vision Unlimited,1-6 Yrs,3-4.75 Lacs PA,https://www.naukri.com/job-listings-data-analyst-vision-unlimited-mohali-chandigarh-1-to-6-years-101222004076
Data Analyst,Accrualify India,1-4 Yrs,Not disclosed,https://www.naukri.com/job-listings-data-analyst-accrualify-india-private-limited-nagpur-1-to-4-years-170423500742
Data Analyst-PYSPARK,Capco,3-7 Yrs,Not disclosed,https://www.naukri.com/job-listings-data-analyst-pyspark-capco-technologies-pvt-ltd-bangalore-bengaluru-3-to-7-years-140423500186
Data Analyst,UST,5-7 Yrs,Not disclosed,https://www.naukri.com/job-listings-data-analyst-ust-hyderabad-secunderabad-5-to-7-years-290323009988
Data Analyst,Aliqan Services,4-9 Yrs,20-30 Lacs PA,https://www.naukri.com/job-listings-data-analyst-aliqan-services-gurgaon-gurugram-4-to-9-years-250423004744
Data Analyst,Tenet Offshore,2-5 Yrs,Not disclosed,https://www.naukri.com/job-listings-data-analyst-tenet-offshore-delhi-ncr-2-to-5-years-180423008113
Data Analyst,Integrichain,1-3 Yrs,Not disclosed,https://www.naukri.com/job-listings-data-analyst-integrichain-pune-1-to-3-years-170423501298
Data Analyst,FE Fundinfo,1-2 Yrs,2.5-4 Lacs PA,https://www.naukri.com/job-listings-data-analyst-fe-fundinfo-chennai-1-to-2-years-170423003137
Data Analyst,Smartificia Technologies,3-5 Yrs,8-14 Lacs PA,https://www.naukri.com/job-listings-data-analyst-smartificia-technologies-coimbatore-3-to-5-years-160323008100
Data Analyst,Hashtag Infosystem,3-6 Yrs,Not disclosed,https://www.naukri.com/job-listings-data-analyst-hashtag-infosystem-surat-3-to-6-years-140423500710
Data Analyst,Pluralsearch Pty Ltd,4-9 Yrs,15-30 Lacs PA,https://www.naukri.com/job-listings-data-analyst-pluralsearch-pty-ltd-johannesburg-4-to-9-years-140423007512
Data Analyst,Mantras2success Consultants,1-6 Yrs,Not disclosed,https://www.naukri.com/job-listings-data-analyst-mantras2success-consultants-ahmedabad-1-to-6-years-130423502363
Data Analyst,Talent Socio,1-2 Yrs,Not disclosed,https://www.naukri.com/job-listings-data-analyst-talent-socio-hyderabad-secunderabad-1-to-2-years-130423501949
Data Analyst,Talent Socio,1-4 Yrs,Not disclosed,https://www.naukri.com/job-listings-data-analyst-talent-socio-gurgaon-gurugram-1-to-4-years-130423501948
Data Analyst,Builder.ai,1-4 Yrs,Not disclosed,https://www.naukri.com/job-listings-data-analyst-builder-ai-gurgaon-gurugram-1-to-4-years-130423500755
Data Analyst,Prayas Financial Services,2-3 Yrs,3.5-6 Lacs PA,https://www.naukri.com/job-listings-data-analyst-prayas-financial-services-private-limited-gurgaon-gurugram-2-to-3-years-130423004817
Data Analyst,Sa Tech Software I,5-7 Yrs,Not disclosed,https://www.naukri.com/job-listings-data-analyst-sa-tech-software-i-pvt-ltd-noida-5-to-7-years-120423501187
Data Analyst,Thieme Medical And Scientific Publishers,3-6 Yrs,Not disclosed,https://www.naukri.com/job-listings-data-analyst-thieme-medical-and-scientific-publishers-noida-3-to-6-years-120423007781
Data Analyst,Align Technology,1-4 Yrs,Not disclosed,https://www.naukri.com/job-listings-data-analyst-align-technology-hyderabad-secunderabad-1-to-4-years-110423502315
Data Analyst,Geotechnosoft,5-10 Yrs,Not disclosed,https://www.naukri.com/job-listings-data-analyst-geotechnosoft-noida-5-to-10-years-120423500828
Data Analyst For Top MNC- Noida Location,Black And White Business Solutions,4-9 Yrs,6.5-12 Lacs PA,https://www.naukri.com/job-listings-data-analyst-for-top-mnc-noida-location-black-and-white-business-solutions-noida-gurgaon-gurugram-delhi-ncr-4-to-9-years-140423004475
Data Analyst,Ingersoll Rand,3-6 Yrs,Not disclosed,https://www.naukri.com/job-listings-data-analyst-ingersoll-rand-india-ltd-bangalore-bengaluru-3-to-6-years-310323500515
Data Analyst,Target,2-4 Yrs,Not disclosed,https://www.naukri.com/job-listings-data-analyst-target-corporation-india-pvt-ltd-bangalore-bengaluru-2-to-4-years-100323500268
Data Analyst - EdTech,Talentstack,2-6 Yrs,Not disclosed,https://www.naukri.com/job-listings-data-analyst-edtech-talentstack-bangalore-bengaluru-2-to-6-years-280323908381
Data Analyst,Unusual Hire,1-4 Yrs,Not disclosed,https://www.naukri.com/job-listings-data-analyst-unusual-hire-bangalore-bengaluru-1-to-4-years-181220500115
Data Engineer/Data Analyst,Tech Mahindra,6-11 Yrs,Not disclosed,https://www.naukri.com/job-listings-data-engineer-data-analyst-tech-mahindra-kolkata-hyderabad-secunderabad-pune-chennai-bangalore-bengaluru-delhi-ncr-mumbai-all-areas-6-to-11-years-130223001593
Data Analyst,Qualitest,5-8 Yrs,Not disclosed,https://www.naukri.com/job-listings-data-analyst-qualitest-india-private-limited-bangalore-bengaluru-5-to-8-years-010223500935
Data Analyst,Ziqitza Health Care,3-7 Yrs,3-6 Lacs PA,https://www.naukri.com/job-listings-data-analyst-ziqitza-health-care-mumbai-navi-mumbai-mumbai-all-areas-3-to-7-years-310323008042
Opening For Productivity Manager / Data Analyst,Asian Business Exhibitions & Conferences (ABEC),3-8 Yrs,Not disclosed,https://www.naukri.com/job-listings-opening-for-productivity-manager-data-analyst-asian-business-exhibitions-conferences-abec-mumbai-all-areas-3-to-8-years-250323003267
Assurance Assessor and Data Analyst,Wtw Global Delivery And Solutions,5-7 Yrs,Not disclosed,https://www.naukri.com/job-listings-assurance-assessor-and-data-analyst-wtw-global-delivery-and-solutions-india-pvt-ltd-mumbai-5-to-7-years-201022503519
Data Analyst,Seven Consultancy (HR Solution),2-3 Yrs,Not disclosed,https://www.naukri.com/job-listings-data-analyst-seven-consultancy-hr-solution-bangalore-bengaluru-2-to-3-years-280322501314
Data Analyst,Cindrebay School Of Fashion & Interior Design,1-4 Yrs,Not disclosed,https://www.naukri.com/job-listings-data-analyst-cindrebay-school-of-fashion-interior-design-hyderabad-secunderabad-coimbatore-thodupuzha-trivandrum-thiruvananthapuram-kochi-cochin-kolkata-cannanore-kannur-indore-nagpur-pune-lucknow-calicut-kozhikode-1-to-4-years-101221500466
Data Analyst,Talent Zone Consultant,10-12 Yrs,Not disclosed,https://www.naukri.com/job-listings-data-analyst-talent-zone-consultant-bangalore-bengaluru-10-to-12-years-071021501340
Data Analyst,Seven Consultancy (HR Solution),2-4 Yrs,Not disclosed,https://www.naukri.com/job-listings-data-analyst-seven-consultancy-hr-solution-bangalore-bengaluru-2-to-4-years-280322501671
Data Analyst,Seven Consultancy (HR Solution),2-7 Yrs,Not disclosed,https://www.naukri.com/job-listings-data-analyst-seven-consultancy-hr-solution-mumbai-2-to-7-years-280322501501
Data Analyst,Sourcegrids Consulting Llp,1-4 Yrs,Not disclosed,https://www.naukri.com/job-listings-data-analyst-sourcegrids-consulting-llp-bangalore-bengaluru-1-to-4-years-250722500431
Data Analyst,Inference Labs,2-3 Yrs,Not disclosed,https://www.naukri.com/job-listings-data-analyst-inference-labs-bangalore-bengaluru-2-to-3-years-250122500771
Data Analyst,7 Consultancy,3-6 Yrs,Not disclosed,https://www.naukri.com/job-listings-data-analyst-seven-consultancy-bangalore-bengaluru-3-to-6-years-240620500753
Data Analyst,Mobile Premier League (MPL),2-5 Yrs,Not disclosed,https://www.naukri.com/job-listings-data-analyst-mobile-premier-league-bangalore-bengaluru-2-to-5-years-130922500090
Data Analyst,Xpheno,2-5 Yrs,Not disclosed,https://www.naukri.com/job-listings-data-analyst-xpheno-bangalore-bengaluru-2-to-5-years-100123500225
Data Analyst,Freshtohome,1-4 Yrs,Not disclosed,https://www.naukri.com/job-listings-data-analyst-freshtohome-bangalore-bengaluru-1-to-4-years-030323501850
Data Analyst,Staffice Global,14-18 Yrs,Not disclosed,https://www.naukri.com/job-listings-data-analyst-staffice-global-bangalore-bengaluru-14-to-18-years-030223501221
DATA ANALYST,Miracle Hub,1-4 Yrs,Not disclosed,https://www.naukri.com/job-listings-data-analyst-miracle-hub-surat-1-to-4-years-310123501242
Data Analyst,Nihilent,5-8 Yrs,Not disclosed,https://www.naukri.com/job-listings-data-analyst-nihilent-technologies-pvt-ltd-kolkata-pune-5-to-8-years-060323500061
AD- Data analyst,Groupm Media,7-10 Yrs,Not disclosed,https://www.naukri.com/job-listings-ad-data-analyst-groupm-media-noida-new-delhi-gurgaon-gurugram-7-to-10-years-020323606102
Data Analyst,Zen3 Infosolutions,0-5 Yrs,Not disclosed,https://www.naukri.com/job-listings-data-analyst-zen3-infosolutions-hyderabad-secunderabad-0-to-5-years-290323909696
Data Analyst,Right Step Consulting,0-5 Yrs,Not disclosed,https://www.naukri.com/job-listings-data-analyst-right-step-consulting-private-limited-new-delhi-gurgaon-gurugram-0-to-5-years-110417500945
Data Analyst,Automotive Robotics (ARI),0-1 Yrs,Not disclosed,https://www.naukri.com/job-listings-data-analyst-automotive-robotics-india-pvt-ltd-chennai-0-to-1-years-081022500099
Data Analyst,Improx Data And Cloud Consulting,0-2 Yrs,Not disclosed,https://www.naukri.com/job-listings-data-analyst-improx-data-and-cloud-consulting-pvt-ltd-pune-0-to-2-years-311022501968
Data Analyst,Teplar Solutions,0-4 Yrs,Not disclosed,https://www.naukri.com/job-listings-data-analyst-teplar-solutions-coimbatore-0-to-4-years-310320500022
CoR Helpdesk Data Analyst ||,GTT Communications,0-2 Yrs,Not disclosed,https://www.naukri.com/job-listings-cor-helpdesk-data-analyst-gtt-communications-pune-0-to-2-years-270522502757
Data Analysts / HTML Editor,I-tech Infonet,0-2 Yrs,Not disclosed,https://www.naukri.com/job-listings-data-analysts-html-editor-i-tech-infonet-pvt-ltd-rajkot-0-to-2-years-260922500760
Data Analyst,Poshmark,0-3 Yrs,Not disclosed,https://www.naukri.com/job-listings-data-analyst-poshmark-pune-0-to-3-years-191122500573
Data Analyst,Poshmark,0-3 Yrs,Not disclosed,https://www.naukri.com/job-listings-data-analyst-poshmark-chennai-0-to-3-years-191122500572
Data Analyst,Commeasure Solutions,0-2 Yrs,Not disclosed,https://www.naukri.com/job-listings-data-analyst-commeasure-solutions-india-pvt-ltd-remote-0-to-2-years-151122500838
Data Analyst,Automotive Robotics (ARI),0-1 Yrs,Not disclosed,https://www.naukri.com/job-listings-data-analyst-automotive-robotics-india-pvt-ltd-chennai-0-to-1-years-150223500277
Data Analyst,Post A Resume,0-4 Yrs,Not disclosed,https://www.naukri.com/job-listings-data-analyst-post-a-resume-hr-consultancy-ahmedabad-0-to-4-years-141119500682
Data Analyst,Turtlemint,0-3 Yrs,Not disclosed,https://www.naukri.com/job-listings-data-analyst-primohunt-corporate-pune-0-to-3-years-110722502690
Data Analyst,Ipro India,0-4 Yrs,Not disclosed,https://www.naukri.com/job-listings-data-analyst-ipro-india-private-limited-chandigarh-0-to-4-years-100223501804
Data Analyst,Recruitrix Technologies,0-2 Yrs,Not disclosed,https://www.naukri.com/job-listings-data-analyst-recruitrix-technologies-llp-hyderabad-secunderabad-0-to-2-years-091122500313
Data Analyst,Apna Recruiter,0-3 Yrs,Not disclosed,https://www.naukri.com/job-listings-data-analyst-apna-recruiter-remote-0-to-3-years-080822500754
Data Analyst,Arcadia,0-2 Yrs,Not disclosed,https://www.naukri.com/job-listings-data-analyst-arcadia-chennai-0-to-2-years-070123500756
Data Analyst,Onit,0-2 Yrs,Not disclosed,https://www.naukri.com/job-listings-data-analyst-onit-pune-0-to-2-years-040123502324
Data Analyst  -  Looker,Vinayak Solutions,0-1 Yrs,Not disclosed,https://www.naukri.com/job-listings-data-analyst-looker-vinayak-software-delhi-0-to-1-years-030320500008
Data Scientist | Business Analyst Science | Data Analyst,Megara Infotech,0-1 Yrs,1.5-2.5 Lacs PA,https://www.naukri.com/job-listings-data-scientist-business-analyst-science-data-analyst-megara-infotech-bhubaneswar-mumbai-hyderabad-secunderabad-gurgaon-gurugram-bangalore-bengaluru-delhi-ncr-0-to-1-years-070423003376
Data Analyst - Contractual,Search Advisers Services Guj,2-3 Yrs,3-5 Lacs PA,https://www.naukri.com/job-listings-data-analyst-contractual-search-advisers-services-guj-bangalore-bengaluru-2-to-3-years-300323608803
Data Analyst - Contractual,Search Advisers Services Guj,2-3 Yrs,3-5 Lacs PA,https://www.naukri.com/job-listings-data-analyst-contractual-search-advisers-services-guj-bangalore-bengaluru-2-to-3-years-300323008801
Data Analyst - MySQL,Talentstack,2-7 Yrs,Not disclosed,https://www.naukri.com/job-listings-data-analyst-mysql-talentstack-bangalore-bengaluru-2-to-7-years-280323908325
Data Analyst,Cynosure Corporate Solutions,2-7 Yrs,Not disclosed,https://www.naukri.com/job-listings-data-analyst-cynosure-corporate-solutions-bangalore-bengaluru-2-to-7-years-080423004799
Data Analyst,Intellectual Capital Hr Consulting,2-7 Yrs,8-18 Lacs PA,https://www.naukri.com/job-listings-data-analyst-intellectual-capital-hr-consulting-mumbai-all-areas-2-to-7-years-310323009122
Data Analyst - Insurance,Serving Skill,4-8 Yrs,Not disclosed,https://www.naukri.com/job-listings-data-analyst-insurance-serving-skill-mumbai-4-to-8-years-280323911047
Data Analyst - Insurance,Serving Skill,1-6 Yrs,Not disclosed,https://www.naukri.com/job-listings-data-analyst-insurance-serving-skill-mumbai-1-to-6-years-060423905165
Environmental Sustainability Data Analyst,"PerkinElmer, Inc.",2-6 Yrs,Not disclosed,https://www.naukri.com/job-listings-environmental-sustainability-data-analyst-perkinelmer-inc-kolkata-mumbai-new-delhi-hyderabad-secunderabad-pune-chennai-bangalore-bengaluru-2-to-6-years-100423502008
Data Analyst - Pharma/HLS Domain,Fractal Analytics,4-9 Yrs,Not disclosed,https://www.naukri.com/job-listings-data-analyst-pharma-hls-domain-fractal-protocol-mumbai-pune-chennai-gurgaon-gurugram-bangalore-bengaluru-4-to-9-years-230223503399
RCM Data Analyst,Business Integrity Services,2-6 Yrs,Not disclosed,https://www.naukri.com/job-listings-rcm-data-analyst-business-integrity-services-private-limited-chennai-2-to-6-years-130323605799
Data Analyst,Communications Test Design,2-5 Yrs,1.5-2.5 Lacs PA,https://www.naukri.com/job-listings-data-analyst-communications-test-design-gurgaon-gurugram-manesar-delhi-ncr-2-to-5-years-310323007147
Data Analyst,Wiz Logtec Solutions,1-3 Yrs,Not disclosed,https://www.naukri.com/job-listings-data-analyst-wiz-logtec-solutions-chennai-1-to-3-years-130223004070
Data Analyst,worxpertise ,1-3 Yrs,3.5-5.5 Lacs PA,https://www.naukri.com/job-listings-data-analyst-worxpertise-gurgaon-gurugram-delhi-ncr-1-to-3-years-010423005035
Data Analyst,Seven Consultancy (HR Solution),3-8 Yrs,Not disclosed,https://www.naukri.com/job-listings-data-analyst-seven-consultancy-hr-solution-chennai-3-to-8-years-280322501502
Data Analyst,Seven Consultancy (HR Solution),1-3 Yrs,Not disclosed,https://www.naukri.com/job-listings-data-analyst-seven-consultancy-hr-solution-new-delhi-1-to-3-years-280322501312
Data Analyst,Seven Consultancy (HR Solution),2-4 Yrs,Not disclosed,https://www.naukri.com/job-listings-data-analyst-seven-consultancy-hr-solution-new-delhi-2-to-4-years-280322501311
Data Analyst With GCP,Kloud9,6-11 Yrs,Not disclosed,https://www.naukri.com/job-listings-data-analyst-with-gcp-retail-kloud9-technologies-india-private-limited-remote-6-to-11-years-261222502801
"Analyst, Data Governance",Standard Chartered Bank,2-5 Yrs,Not disclosed,https://www.naukri.com/job-listings-analyst-data-governance-standard-chartered-bank-ltd-mumbai-2-to-5-years-210423502825
Data Analyst,Vixplor Analytics,1-5 Yrs,Not disclosed,https://www.naukri.com/job-listings-data-analyst-vixplor-analytics-kolkata-1-to-5-years-301219501920
Data Analyst,7 Consultancy,3-8 Yrs,Not disclosed,https://www.naukri.com/job-listings-data-analyst-seven-consultancy-hyderabad-secunderabad-3-to-8-years-290620500315
Python Developer - Data Analyst,Skyislimit Technologies,1-6 Yrs,Not disclosed,https://www.naukri.com/job-listings-python-developer-data-analyst-skyislimit-ernakulam-1-to-6-years-281221501726
Data Analyst,Fusion Plus Solutions,2-4 Yrs,Not disclosed,https://www.naukri.com/job-listings-data-analyst-fusion-plus-solutions-inc-hyderabad-secunderabad-2-to-4-years-280223501039
Data Analyst,Evov Solutions,1-2 Yrs,Not disclosed,https://www.naukri.com/job-listings-data-analyst-evov-solutions-llp-pune-1-to-2-years-240223501176
Data Analyst,Mad Street Den,2-3 Yrs,Not disclosed,https://www.naukri.com/job-listings-data-analyst-mad-street-den-chennai-2-to-3-years-210721501120
Data Engineer & Analyst,Discover Dollar Technologies,5-10 Yrs,Not disclosed,https://www.naukri.com/job-listings-data-engineer-analyst-discover-dollar-technologies-pvt-ltd-bangalore-bengaluru-5-to-10-years-180423502014
Data Analyst,Xapo Bank,2-7 Yrs,Not disclosed,https://www.naukri.com/job-listings-data-analyst-xapo-remote-2-to-7-years-171122502910
Data Analyst,Seven Consultancy (HR Solution),1-6 Yrs,Not disclosed,https://www.naukri.com/job-listings-data-analyst-seven-consultancy-hr-solution-pune-1-to-6-years-171122500720
Data Analyst,Excellent Placement Services,1-3 Yrs,Not disclosed,https://www.naukri.com/job-listings-data-analyst-excellent-placement-services-gurgaon-gurugram-1-to-3-years-170123502460
Data Analyst,Energytech Ventures,2-5 Yrs,Not disclosed,https://www.naukri.com/job-listings-data-analyst-energytech-ventures-kolkata-2-to-5-years-170120500029
Data Analyst,Skidos,2-3 Yrs,Not disclosed,https://www.naukri.com/job-listings-data-analyst-skidos-new-delhi-2-to-3-years-161122501272
Data Analyst,iKomet,3-5 Yrs,Not disclosed,https://www.naukri.com/job-listings-data-analyst-ikomet-technology-solutions-pvt-ltd-chennai-3-to-5-years-110221500072
Climate Data Analyst,MG International,0-2 Yrs,Not disclosed,https://www.naukri.com/job-listings-climate-data-analyst-mg-international-bangalore-bengaluru-0-to-2-years-110423909960
Data Scientist | Business Analyst Science | Data Analyst,Megara Infotech,0-1 Yrs,1.5-2.5 Lacs PA,https://www.naukri.com/job-listings-data-scientist-business-analyst-science-data-analyst-megara-infotech-rohtak-dharuhera-kanpur-gurgaon-gurugram-bangalore-bengaluru-delhi-ncr-0-to-1-years-290323004953
Data Analyst - R/Python/ML Algorithms,Huquo Consulting,3-5 Yrs,Not disclosed,https://www.naukri.com/job-listings-data-analyst-r-python-ml-algorithms-huquo-consulting-delhi-ncr-3-to-5-years-310123909387
Data Analyst,Flexability Hr Solutions,8-13 Yrs,Not disclosed,https://www.naukri.com/job-listings-data-analyst-flexability-hr-solutions-pune-8-to-13-years-290323008108
Data Analyst - R/Python/ML Algorithms,Huquo Consulting,3-5 Yrs,Not disclosed,https://www.naukri.com/job-listings-data-analyst-r-python-ml-algorithms-huquo-consulting-delhi-ncr-3-to-5-years-280323908283
Data Analyst,Huquo Consulting,5-6 Yrs,Not disclosed,https://www.naukri.com/job-listings-data-analyst-huquo-consulting-delhi-ncr-5-to-6-years-280323905616
Data Analyst,Huquo Consulting,10-15 Yrs,Not disclosed,https://www.naukri.com/job-listings-data-analyst-huquo-consulting-gurgaon-gurugram-10-to-15-years-280323905565
Data Analyst - ETL/Informatica,Huquo Consulting Pvt. Ltd,3-5 Yrs,Not disclosed,https://www.naukri.com/job-listings-data-analyst-etl-informatica-huquo-consulting-pvt-ltd-gurgaon-gurugram-3-to-5-years-270123908213
Data Analyst,Nityo Infotech,5-9 Yrs,10-18 Lacs PA,https://www.naukri.com/job-listings-data-analyst-nityo-infotech-pune-5-to-9-years-170323005538
Data Analyst - FinTech,Primo Hiring,1-3 Yrs,Not disclosed,https://www.naukri.com/job-listings-data-analyst-fintech-primo-hiring-noida-ghaziabad-faridabad-gurgaon-gurugram-delhi-ncr-1-to-3-years-070423904210
Data Analyst-PYSPARK,Capco,3-7 Yrs,Not disclosed,https://www.naukri.com/job-listings-data-analyst-pyspark-capco-technologies-pvt-ltd-bangalore-bengaluru-3-to-7-years-250323500172
Data Analyst,"Qualcomm Technologies, Inc",3-5 Yrs,Not disclosed,https://www.naukri.com/job-listings-data-analyst-qualcomm-technologies-inc-hyderabad-secunderabad-bangalore-bengaluru-3-to-5-years-230323502305
STAFF DATA ANALYST,Walmart,2-6 Yrs,Not disclosed,https://www.naukri.com/job-listings-staff-data-analyst-walmart-labs-bangalore-bengaluru-2-to-6-years-210323501375
Data Analyst,Prodware Solutions,5-10 Yrs,Not disclosed,https://www.naukri.com/job-listings-data-analyst-prodware-solutions-thane-5-to-10-years-190423007769
Data Analyst III,Walmart,3-7 Yrs,Not disclosed,https://www.naukri.com/job-listings-data-analyst-iii-walmart-labs-bangalore-bengaluru-3-to-7-years-080423501151
Data Analyst III,Walmart,3-7 Yrs,Not disclosed,https://www.naukri.com/job-listings-data-analyst-iii-walmart-labs-bangalore-bengaluru-3-to-7-years-070423500523
Procurement Data Analyst,Schneider Electric,2-3 Yrs,Not disclosed,https://www.naukri.com/job-listings-procurement-data-analyst-schneider-electric-india-pvt-ltd-bangalore-bengaluru-2-to-3-years-050423501378
DATA ANALYST,Muthoot Finance,1-4 Yrs,Not disclosed,https://www.naukri.com/job-listings-data-analyst-muthoot-finance-ltd-bangalore-bengaluru-1-to-4-years-020223500678
Staff Data Analyst,Walmart,10-14 Yrs,Not disclosed,https://www.naukri.com/job-listings-staff-data-analyst-walmart-labs-bangalore-bengaluru-10-to-14-years-210123500177
Data Analyst,Workopia Info Solutions,2-5 Yrs,Not disclosed,https://www.naukri.com/job-listings-data-analyst-workopia-info-solutions-bangalore-bengaluru-2-to-5-years-100223501618
Data Analyst -M&T,Accolite Software India Pvt Ltd,5-7 Yrs,Not disclosed,https://www.naukri.com/job-listings-data-analyst-m-t-accolite-software-india-pvt-ltd-bangalore-bengaluru-5-to-7-years-020323500896
Data Analyst,Capco,3-6 Yrs,Not disclosed,https://www.naukri.com/job-listings-data-analyst-capco-technologies-pvt-ltd-bengaluru-bangalore-3-to-6-years-290121500002
Data Analyst,Capco,3-6 Yrs,Not disclosed,https://www.naukri.com/job-listings-data-analyst-capco-technologies-pvt-ltd-bangalore-bengaluru-3-to-6-years-201222500625
Data Analyst- PYTHON+SCALA,Capco,3-7 Yrs,Not disclosed,https://www.naukri.com/job-listings-data-analyst-python-scala-capco-technologies-pvt-ltd-bangalore-bengaluru-3-to-7-years-130123500979
ML + Data Analyst -M&T_SheCodes,Accolite Software India Pvt Ltd,2-6 Yrs,Not disclosed,https://www.naukri.com/job-listings-ml-data-analyst-m-t-shecodes-accolite-software-india-pvt-ltd-bangalore-bengaluru-2-to-6-years-020323500902
Data Analyst,SVKMs Narsee Monjee Institute of Management Studies - NMIMS,3-5 Yrs,Not disclosed,https://www.naukri.com/job-listings-data-analyst-svkms-narsee-monjee-institute-of-management-studies-nmims-mumbai-3-to-5-years-291221501236
Data Analyst (Hybrid),Dow,3-8 Yrs,Not disclosed,https://www.naukri.com/job-listings-data-analyst-hybrid-dow-chemical-international-pvt-ltd-mumbai-3-to-8-years-160822503265
Data Analyst,Allegis Group,4-9 Yrs,Not disclosed,https://www.naukri.com/job-listings-data-analyst-allegis-group-hyderabad-secunderabad-pune-bangalore-bengaluru-4-to-9-years-020423000941
Functional Data steward ( Data Governance ) Analyst and lead,TMI Network,7-12 Yrs,Not disclosed,https://www.naukri.com/job-listings-functional-data-steward-data-governance-analyst-and-lead-tmi-network-bangalore-bengaluru-7-to-12-years-060423008332
Data Analyst | Google App Script,Webengage,3-6 Yrs,Not disclosed,https://www.naukri.com/job-listings-data-analyst-google-app-script-webengage-mumbai-bangalore-bengaluru-3-to-6-years-140223501223
Data Analyst,Capital Placement Services,1-6 Yrs,Not disclosed,https://www.naukri.com/job-listings-data-analyst-capital-placement-services-mumbai-hyderabad-secunderabad-gurgaon-gurugram-bangalore-bengaluru-1-to-6-years-210621500028
Tax data & Analyst,Blue Ocean Ventures (BOV),2-5 Yrs,Not disclosed,https://www.naukri.com/job-listings-tax-data-analyst-blue-ocean-catalyst-private-limited-mumbai-new-delhi-pune-gurgaon-gurugram-2-to-5-years-130223500718
Data Governance Analyst,Randstad India,2-5 Yrs,Not disclosed,https://www.naukri.com/job-listings-data-governance-analyst-randstad-india-hyderabad-secunderabad-2-to-5-years-210423004257
Data Analyst,Mathworks,7-12 Yrs,Not disclosed,https://www.naukri.com/job-listings-data-analyst-the-mathworks-bangalore-bengaluru-7-to-12-years-280323500543
Data Analyst,Truecaller,3-5 Yrs,Not disclosed,https://www.naukri.com/job-listings-data-analyst-true-caller-bangalore-bengaluru-3-to-5-years-220223500535
Compliance Rule Writer/Data Analyst,Paypal,5-8 Yrs,Not disclosed,https://www.naukri.com/job-listings-compliance-rule-writer-data-analyst-paypal-holdings-inc-bangalore-bengaluru-5-to-8-years-080423501112
Data Analyst,MORE Global Production Portal Limited,2-4 Yrs,Not disclosed,https://www.naukri.com/job-listings-data-analyst-more-global-production-portal-limited-mumbai-2-to-4-years-060323500768
Data Analyst,more retail (MRPL),3-8 Yrs,Not disclosed,https://www.naukri.com/job-listings-data-analyst-more-mumbai-3-to-8-years-030323501462
Data Analyst,Wakefit Innovations,1-4 Yrs,Not disclosed,https://www.naukri.com/job-listings-data-analyst-wakefit-innovations-private-limited-bangalore-bengaluru-1-to-4-years-170921500666
Data Analyst,Regalix,3-6 Yrs,Not disclosed,https://www.naukri.com/job-listings-data-analyst-regalix-india-pvt-ltd-bangalore-bengaluru-3-to-6-years-291222500242
Data Analyst,Nineleaps,1-4 Yrs,Not disclosed,https://www.naukri.com/job-listings-data-analyst-nineleaps-bangalore-bengaluru-1-to-4-years-290622500426
Data Analyst,Neo Credence Consultancy,5-12 Yrs,Not disclosed,https://www.naukri.com/job-listings-data-analyst-neo-credence-bangalore-bengaluru-5-to-12-years-240123500356
Data Analyst,Jones Lang LaSalle (JLL),7-10 Yrs,12-13 Lacs PA,https://www.naukri.com/job-listings-data-analyst-jones-lang-lasalle-jll-mumbai-7-to-10-years-040423009443
Data Analyst,Truecaller,2-4 Yrs,Not disclosed,https://www.naukri.com/job-listings-data-analyst-true-caller-bangalore-bengaluru-2-to-4-years-031022501516
ESG Data Analyst,Institutional Shareholder Services,3-4 Yrs,Not disclosed,https://www.naukri.com/job-listings-esg-data-analyst-institutional-shareholder-services-inc-mumbai-3-to-4-years-161122501903
Data Analyst,Business Brio,1-3 Yrs,Not disclosed,https://www.naukri.com/job-listings-data-analyst-business-brio-kolkata-1-to-3-years-040121501561
Data Analyst,Assertive Business Solutions,3-7 Yrs,Not disclosed,https://www.naukri.com/job-listings-data-analyst-assertive-business-solutions-bangalore-bengaluru-3-to-7-years-130423007701
Data Analyst,Rpa Infotech,1-3 Yrs,Not disclosed,https://www.naukri.com/job-listings-data-analyst-rpa-infotech-pvt-ltd-gurgaon-gurugram-1-to-3-years-291020500641
Data Analyst,Dr Lal PathLabs,4-9 Yrs,Not disclosed,https://www.naukri.com/job-listings-data-analyst-dr-lal-pathlabs-gurgaon-gurugram-4-to-9-years-270323004215
Data Analyst,Adidas,6-11 Yrs,Not disclosed,https://www.naukri.com/job-listings-data-analyst-adidas-group-gurgaon-gurugram-6-to-11-years-240323500122
Data Analyst,Adidas,2-4 Yrs,Not disclosed,https://www.naukri.com/job-listings-data-analyst-adidas-group-gurgaon-gurugram-2-to-4-years-170323501182
Data Analyst,Adidas,2-4 Yrs,Not disclosed,https://www.naukri.com/job-listings-data-analyst-adidas-group-gurgaon-gurugram-2-to-4-years-170323501180
Data Analyst,Adidas,2-4 Yrs,Not disclosed,https://www.naukri.com/job-listings-data-analyst-adidas-group-gurgaon-gurugram-2-to-4-years-170323501179
Data Engineer/Analyst- Qatar/Bangalore,Quest Global,6-11 Yrs,Not disclosed,https://www.naukri.com/job-listings-data-engineer-analyst-qatar-bangalore-quest-global-hyderabad-secunderabad-chennai-bangalore-bengaluru-qatar-6-to-11-years-140423005063
Data Analyst,Cognizant,4-8 Yrs,Not disclosed,https://www.naukri.com/job-listings-data-analyst-cognizant-hyderabad-secunderabad-4-to-8-years-100423001061
Data Analyst,Rockwell Automation,2-5 Yrs,Not disclosed,https://www.naukri.com/job-listings-data-analyst-rockwell-automation-pune-2-to-5-years-040323500332
SE-Developer-Data Analyst,Renault,7-8 Yrs,Not disclosed,https://www.naukri.com/job-listings-se-developer-data-analyst-renault-india-pvt-ltd-chennai-7-to-8-years-010223500868
Data Services Analyst,Insentapp,2-4 Yrs,Not disclosed,https://www.naukri.com/job-listings-data-services-analyst-discoverorg-chennai-2-to-4-years-130423501403
Data Analyst,Tech Mahindra,4-8 Yrs,5-15 Lacs PA,https://www.naukri.com/job-listings-data-analyst-tech-mahindra-hyderabad-secunderabad-4-to-8-years-310323005810
Data Analyst,Adidas,4-9 Yrs,Not disclosed,https://www.naukri.com/job-listings-data-analyst-adidas-group-gurgaon-gurugram-4-to-9-years-130922501182
Accounting Control - Data Trace and Control Analyst,BNP Paribas,3-4 Yrs,Not disclosed,https://www.naukri.com/job-listings-accounting-control-data-trace-and-control-analyst-bnp-paribas-mumbai-3-to-4-years-120423500066
Data Analyst,Essenware Private Limted,1-3 Yrs,Not disclosed,https://www.naukri.com/job-listings-data-analyst-essenware-private-limted-warangal-hyderabad-secunderabad-nizamabad-1-to-3-years-310323502212
Data Analyst,Essenware Private Limted,1-3 Yrs,Not disclosed,https://www.naukri.com/job-listings-data-analyst-essenware-private-limted-hyderabad-secunderabad-1-to-3-years-300323500731
Data Analyst at Electronic Arts,EA Games (Electronic Arts),3-6 Yrs,Not disclosed,https://www.naukri.com/job-listings-data-analyst-at-electronic-arts-electronic-arts-hyderabad-secunderabad-3-to-6-years-180621500703
DATA ANALYST,Dr Reddys,2-5 Yrs,Not disclosed,https://www.naukri.com/job-listings-data-analyst-dr-reddys-laboratories-ltd-hyderabad-secunderabad-2-to-5-years-031222500393
Data Analyst - 10,Michelin,1-4 Yrs,Not disclosed,https://www.naukri.com/job-listings-data-analyst-10-michelin-pune-1-to-4-years-031122500514
Operation Executive cum Data Analyst,Busisol Sourcing (India),4-7 Yrs,Not disclosed,https://www.naukri.com/job-listings-operation-executive-data-analyst-busisol-sourcing-india-pvt-ltd-mumbai-4-to-7-years-050822501100
Data Analyst,Alp Consulting,2-3 Yrs,Not disclosed,https://www.naukri.com/job-listings-data-analyst-alp-consulting-ltd-hubli-mangaluru-mangalore-mysore-mysuru-bangalore-bengaluru-belagavi-belgaum-2-to-3-years-290323503073
Data Analyst,Alp Consulting,4-6 Yrs,Not disclosed,https://www.naukri.com/job-listings-data-analyst-alp-consulting-ltd-hubli-mangaluru-mangalore-mysore-mysuru-bangalore-bengaluru-belagavi-belgaum-4-to-6-years-290323503072
Salesforce Data Analyst,Pluralsight,2-3 Yrs,Not disclosed,https://www.naukri.com/job-listings-salesforce-data-analyst-pluralsight-kolkata-mumbai-new-delhi-hyderabad-secunderabad-pune-chennai-bangalore-bengaluru-2-to-3-years-290323500920
Data Analyst,Wiser Solutions,3-4 Yrs,Not disclosed,https://www.naukri.com/job-listings-data-analyst-wiser-solutions-kolkata-mumbai-new-delhi-hyderabad-secunderabad-pune-chennai-bangalore-bengaluru-3-to-4-years-290323500808
Sustainability Data Analyst,Link Group,1-2 Yrs,Not disclosed,https://www.naukri.com/job-listings-sustainability-data-analyst-link-group-kolkata-mumbai-new-delhi-hyderabad-secunderabad-pune-chennai-bangalore-bengaluru-1-to-2-years-280323501038
Data Analyst,Myntra,1-3 Yrs,Not disclosed,https://www.naukri.com/job-listings-data-analyst-myntra-com-bangalore-bengaluru-1-to-3-years-280323500806
Payer Data Analyst,Star4rall It Solutions,3-7 Yrs,Not disclosed,https://www.naukri.com/job-listings-payer-data-analyst-star4rall-it-solutions-private-limited-kolkata-mumbai-new-delhi-hyderabad-secunderabad-pune-chennai-bangalore-bengaluru-3-to-7-years-170323502157
Data Analyst,Razorpay,3-5 Yrs,Not disclosed,https://www.naukri.com/job-listings-data-analyst-razorpay-bangalore-bengaluru-3-to-5-years-160323501199
Data Analyst,NNE Pharmaplan,1-2 Yrs,Not disclosed,https://www.naukri.com/job-listings-data-analyst-nne-pharmaplan-bangalore-bengaluru-1-to-2-years-100423500543
Data Analyst || Bangalore || Male/ Female || 1yr To 5yr,TeamLease,1-5 Yrs,2-4 Lacs PA,https://www.naukri.com/job-listings-data-analyst-bangalore-male-female-1yr-to-5yr-teamlease-bangalore-bengaluru-1-to-5-years-060423005815
Data Analyst,Lynk,2-3 Yrs,Not disclosed,https://www.naukri.com/job-listings-data-analyst-lynk-kolkata-mumbai-new-delhi-hyderabad-secunderabad-pune-chennai-bangalore-bengaluru-2-to-3-years-060323501827
Presales Data Analyst,Dilytics,3-10 Yrs,Not disclosed,https://www.naukri.com/job-listings-presales-data-analyst-dilytics-technologies-private-limited-hyderabad-secunderabad-3-to-10-years-110423501691
Data Analyst,Clarivate,2-4 Yrs,Not disclosed,https://www.naukri.com/job-listings-data-analyst-clarivate-analytics-bangalore-bengaluru-2-to-4-years-180123501763
Walmart Data Analyst,Kaliber Global,2-5 Yrs,Not disclosed,https://www.naukri.com/job-listings-walmart-data-analyst-kaliber-global-kolkata-mumbai-new-delhi-hyderabad-secunderabad-pune-chennai-bangalore-bengaluru-2-to-5-years-270223500401
Data Analyst,Nichepro Technologies,2-5 Yrs,Not disclosed,https://www.naukri.com/job-listings-data-analyst-nichepro-technologies-pvt-ltd-bangalore-bengaluru-2-to-5-years-270123500130
Data Analyst,Avnet,3-6 Yrs,Not disclosed,https://www.naukri.com/job-listings-data-analyst-avnet-technology-solutions-i-pvt-ltd-bangalore-bengaluru-3-to-6-years-250223500650
Data Analyst,Avnet,2-6 Yrs,Not disclosed,https://www.naukri.com/job-listings-data-analyst-avnet-india-pvt-ltd-bangalore-bengaluru-2-to-6-years-250223500482
Data Analyst,KPI Partners,3-5 Yrs,Not disclosed,https://www.naukri.com/job-listings-data-analyst-kpi-partners-inc-kolkata-mumbai-new-delhi-hyderabad-secunderabad-pune-chennai-bangalore-bengaluru-3-to-5-years-230223502196
Data Analyst,Alp Consulting,2-4 Yrs,Not disclosed,https://www.naukri.com/job-listings-data-analyst-alp-consulting-ltd-bangalore-bengaluru-2-to-4-years-230223501409
Data Analyst,Drishti Works,2-5 Yrs,Not disclosed,https://www.naukri.com/job-listings-data-analyst-drishti-works-mumbai-2-to-5-years-100122500881
Data Analyst - IOT,Otis,1-3 Yrs,Not disclosed,https://www.naukri.com/job-listings-data-analyst-iot-otis-mumbai-maldah-malda-1-to-3-years-081222500649
Data scientist / Data Analyst / AI Expert,Innovadors Lab,1-2 Yrs,Not disclosed,https://www.naukri.com/job-listings-data-scientist-data-analyst-ai-expert-innovadors-lab-pvt-ltd-bhubaneswar-1-to-2-years-300421500568
Data analyst in Python,Cliqhr Recruitment Services,4-7 Yrs,Not disclosed,https://www.naukri.com/job-listings-data-analyst-in-python-cliqhr-recruitment-services-mumbai-hyderabad-secunderabad-chennai-bangalore-bengaluru-4-to-7-years-310123919962
Onsite Opportunity -Data-Analyst,Cliqhr Recruitment Services,6-8 Yrs,Not disclosed,https://www.naukri.com/job-listings-onsite-opportunity-data-analyst-cliqhr-recruitment-services-mumbai-hyderabad-secunderabad-chennai-bangalore-bengaluru-6-to-8-years-310123918800
Onsite Opportunity -Data-Analyst,Cliqhr,6-8 Yrs,Not disclosed,https://www.naukri.com/job-listings-onsite-opportunity-data-analyst-cliqhr-mumbai-hyderabad-secunderabad-chennai-bangalore-bengaluru-6-to-8-years-300323905801
Data analyst in Python,Cliqhr,4-7 Yrs,Not disclosed,https://www.naukri.com/job-listings-data-analyst-in-python-cliqhr-mumbai-hyderabad-secunderabad-chennai-bangalore-bengaluru-4-to-7-years-300323905552
DATA ANALYST,Cliqhr,6-8 Yrs,Not disclosed,https://www.naukri.com/job-listings-data-analyst-cliqhr-mumbai-hyderabad-secunderabad-chennai-bangalore-bengaluru-6-to-8-years-300323904391
Data Analyst,Manpowergroup Services India,4-9 Yrs,12-22 Lacs PA,https://www.naukri.com/job-listings-data-analyst-manpowergroup-services-india-navi-mumbai-mumbai-all-areas-4-to-9-years-030423001962
Data Analyst,Cyient,2-5 Yrs,Not disclosed,https://www.naukri.com/job-listings-data-analyst-cyient-limited-hyderabad-secunderabad-2-to-5-years-290323500507
Data Analyst - Data Request / Privacy / Compliance (Jira / Salesforce),A Global MNC BPO,3-8 Yrs,7-11 Lacs PA,https://www.naukri.com/job-listings-data-analyst-data-request-privacy-compliance-jira-salesforce-a-global-mnc-bpo-hyderabad-secunderabad-3-to-8-years-290323010741
Data Analyst,S&P Global Inc.,1-4 Yrs,Not disclosed,https://www.naukri.com/job-listings-data-analyst-s-p-global-inc-hyderabad-secunderabad-gurgaon-gurugram-ahmedabad-1-to-4-years-250323500451
Data Analyst,S&P Global Inc.,1-3 Yrs,Not disclosed,https://www.naukri.com/job-listings-data-analyst-s-p-global-inc-ahmedabad-1-to-3-years-230323502605
LNG Data Analyst,S&P Global Inc.,4-9 Yrs,Not disclosed,https://www.naukri.com/job-listings-lng-data-analyst-s-p-global-inc-gurgaon-gurugram-4-to-9-years-050423501085
Data Analyst,S&P Global Inc.,1-4 Yrs,Not disclosed,https://www.naukri.com/job-listings-data-analyst-s-p-global-inc-gurgaon-gurugram-1-to-4-years-030423501314
Data Analyst I,DUN &amp; BRADSTREET INFORMATION SERVICES INDIA PRIVATE LIMITED,1-4 Yrs,Not disclosed,https://www.naukri.com/job-listings-data-analyst-i-dun-amp-bradstreet-information-services-india-private-limited-hyderabad-secunderabad-1-to-4-years-290421501429
Data Analyst,S&P Global Inc.,1-4 Yrs,Not disclosed,https://www.naukri.com/job-listings-data-analyst-s-p-global-inc-ahmedabad-1-to-4-years-280223501751
Data Analyst,S&P Global Inc.,1-4 Yrs,Not disclosed,https://www.naukri.com/job-listings-data-analyst-s-p-global-inc-hyderabad-secunderabad-1-to-4-years-250323500452
Data Analyst,Paypal,7-10 Yrs,Not disclosed,https://www.naukri.com/job-listings-data-analyst-paypal-holdings-inc-chennai-7-to-10-years-210123500259
Data Analyst,S&P Global Inc.,1-4 Yrs,Not disclosed,https://www.naukri.com/job-listings-data-analyst-s-p-global-inc-ahmedabad-1-to-4-years-170223504532
Data Analyst,TNS Holdings,2-3 Yrs,Not disclosed,https://www.naukri.com/job-listings-data-analyst-tns-holdings-remote-2-to-3-years-170123500001
Data Analyst,S&P Global Inc.,1-4 Yrs,Not disclosed,https://www.naukri.com/job-listings-data-analyst-s-p-global-inc-hyderabad-secunderabad-1-to-4-years-150323503314
data analyst,Disha Consultants,4-8 Yrs,Not disclosed,https://www.naukri.com/job-listings-data-analyst-disha-consultant-jaipur-4-to-8-years-141221500865
Data Analyst,Reliance Games,2-5 Yrs,Not disclosed,https://www.naukri.com/job-listings-data-analyst-reliance-games-pune-2-to-5-years-130921500438
Data Analyst,S&P Global Inc.,1-4 Yrs,Not disclosed,https://www.naukri.com/job-listings-data-analyst-s-p-global-inc-gurgaon-gurugram-1-to-4-years-130223500396
Data Analyst,Cyient,2-5 Yrs,Not disclosed,https://www.naukri.com/job-listings-data-analyst-cyient-limited-hyderabad-secunderabad-2-to-5-years-100123501123
Data Analyst,S&P Global Inc.,1-6 Yrs,Not disclosed,https://www.naukri.com/job-listings-data-analyst-s-p-global-inc-ahmedabad-1-to-6-years-100123500671
Data Analyst,S&P Global Inc.,1-4 Yrs,Not disclosed,https://www.naukri.com/job-listings-data-analyst-s-p-global-inc-ahmedabad-1-to-4-years-020323500541
Hiring For Data Analyst,Live Connections,3-6 Yrs,1-3.5 Lacs PA,https://www.naukri.com/job-listings-hiring-for-data-analyst-live-connections-hyderabad-secunderabad-3-to-6-years-130423009170
Data Analyst,Rendered Ideas Softgame Pvt Ltd,2-5 Yrs,Not disclosed,https://www.naukri.com/job-listings-data-analyst-rendered-ideas-softgame-pvt-ltd-mumbai-suburban-mira-bhayander-2-to-5-years-270323001421
"InfoSec Analyst ( ISO, Data Privacy, GDPR)",Secure Meters,3-6 Yrs,Not disclosed,https://www.naukri.com/job-listings-infosec-analyst-iso-data-privacy-gdpr-secure-meters-gurgaon-gurugram-3-to-6-years-291222007263
Data Analyst,Ecolab Digital Center (EDC),3-7 Yrs,Not disclosed,https://www.naukri.com/job-listings-data-analyst-ecolab-digital-center-edc-bangalore-bengaluru-3-to-7-years-280323914011
Data Analyst,Koch Industries,5-10 Yrs,Not disclosed,https://www.naukri.com/job-listings-data-analyst-koch-business-solutions-india-private-limited-bangalore-bengaluru-5-to-10-years-250323904045
Data Analyst,Toolyt,1-3 Yrs,Not disclosed,https://www.naukri.com/job-listings-data-analyst-toolyt-bangalore-bengaluru-1-to-3-years-220223500850
Data Analyst,Ralph Lauren,4-9 Yrs,Not disclosed,https://www.naukri.com/job-listings-data-analyst-ralph-lauren-bangalore-bengaluru-4-to-9-years-180323501239
Data Analyst,Koch Industries,5-6 Yrs,Not disclosed,https://www.naukri.com/job-listings-data-analyst-koch-technology-center-bangalore-bengaluru-5-to-6-years-170323501289
Data Analyst,EMBIBE,1-3 Yrs,5-15 Lacs PA,https://www.naukri.com/job-listings-data-analyst-embibe-bangalore-bengaluru-1-to-3-years-300323008577
Data Analyst - 2023 Graduate,Xoom,5-7 Yrs,Not disclosed,https://www.naukri.com/job-listings-data-analyst-2023-graduate-xoom-inc-chennai-bangalore-bengaluru-5-to-7-years-300123501136
Data Analyst,Havas Media,2-4 Yrs,Not disclosed,https://www.naukri.com/job-listings-data-analyst-havas-media-india-pvt-ltd-mumbai-2-to-4-years-290323501054
Data Analyst,Qcom,3-5 Yrs,Not disclosed,https://www.naukri.com/job-listings-data-analyst-qcom-hyderabad-secunderabad-bangalore-bengaluru-3-to-5-years-270323500439
Data Analyst,EXL,2-3 Yrs,Not disclosed,https://www.naukri.com/job-listings-data-analyst-exl-noida-gurgaon-gurugram-bangalore-bengaluru-delhi-ncr-2-to-3-years-270323001824
Data Analyst,Glean,4-8 Yrs,Not disclosed,https://www.naukri.com/job-listings-data-analyst-glean-bangalore-bengaluru-4-to-8-years-250323500958
Data Analyst,Mann+Hummel,3-5 Yrs,Not disclosed,https://www.naukri.com/job-listings-data-analyst-mann-hummel-bangalore-bengaluru-3-to-5-years-250223500468
Data Analyst,Reed Elsevier,2-5 Yrs,Not disclosed,https://www.naukri.com/job-listings-data-analyst-reed-elsevier-india-a-part-of-relx-india-pvt-ltd-bangalore-bengaluru-2-to-5-years-240323500489
Data Analyst,Heisetasse Beverages,1-4 Yrs,Not disclosed,https://www.naukri.com/job-listings-data-analyst-heisetasse-beverages-bangalore-bengaluru-1-to-4-years-240323003771
Data Analyst,Koch Industries,2-6 Yrs,Not disclosed,https://www.naukri.com/job-listings-data-analyst-koch-technology-center-bangalore-bengaluru-2-to-6-years-240223500054
Data Analyst,NR Consulting,5-6 Yrs,Not disclosed,https://www.naukri.com/job-listings-data-analyst-nr-consulting-bangalore-bengaluru-5-to-6-years-230323502035
Data Analyst,Phenom Placement Consultants,3-8 Yrs,Not disclosed,https://www.naukri.com/job-listings-data-analyst-phenom-placement-consultancy-mumbai-hyderabad-secunderabad-3-to-8-years-210123500297
Data Analyst,Quotient Four Technologies,3-6 Yrs,Not disclosed,https://www.naukri.com/job-listings-data-analyst-quotient-four-technologies-pvt-ltd-bangalore-bengaluru-3-to-6-years-200223500125
data analyst,Etomate Technology,2-7 Yrs,Not disclosed,https://www.naukri.com/job-listings-data-analyst-etomate-technology-llp-bangalore-bengaluru-2-to-7-years-170118501679
Data Analyst,Gnani Innovations,3-5 Yrs,Not disclosed,https://www.naukri.com/job-listings-data-analyst-gnani-ai-bangalore-bengaluru-3-to-5-years-160323501946
Data Analyst,Course5 Intelligence,1-2 Yrs,Not disclosed,https://www.naukri.com/job-listings-data-analyst-course5i-intelligence-pvt-ltd-bangalore-bengaluru-1-to-2-years-150223500182
data analyst,Talent Zone Consultant,1-3 Yrs,Not disclosed,https://www.naukri.com/job-listings-data-analyst-talent-zone-consultant-bangalore-bengaluru-1-to-3-years-140223500101
data analyst looker,Talent Zone Consultant,5-6 Yrs,Not disclosed,https://www.naukri.com/job-listings-data-analyst-looker-talent-zone-consultant-bangalore-bengaluru-5-to-6-years-100423500485
Data Analyst,Zolostays Property Solutions Pvt Ltd,2-3 Yrs,5-6 Lacs PA,https://www.naukri.com/job-listings-data-analyst-zolostays-property-solutions-pvt-ltd-bangalore-bengaluru-2-to-3-years-100423006702
Data Analyst,Gensler,3-6 Yrs,Not disclosed,https://www.naukri.com/job-listings-data-analyst-gensler-bangalore-bengaluru-3-to-6-years-090822500749
Data Analyst,Aecom,3-5 Yrs,Not disclosed,https://www.naukri.com/job-listings-data-analyst-aecom-india-private-limited-bangalore-bengaluru-3-to-5-years-070423905790
Item Data Analyst,Target,4-6 Yrs,Not disclosed,https://www.naukri.com/job-listings-item-data-analyst-target-corporation-india-pvt-ltd-bangalore-bengaluru-4-to-6-years-070423501950
Data Analyst,MRI Software,2-5 Yrs,Not disclosed,https://www.naukri.com/job-listings-data-analyst-mri-software-bangalore-bengaluru-vadodara-baroda-2-to-5-years-070423501050
Data Analyst,K20s - Kinetic Technologies,2-3 Yrs,Not disclosed,https://www.naukri.com/job-listings-data-analyst-k20s-kinetic-technologies-private-limited-bangalore-bengaluru-2-to-3-years-060423501546
Data Analyst,Qualitest,10-20 Yrs,Not disclosed,https://www.naukri.com/job-listings-data-analyst-qualitest-india-private-limited-bangalore-bengaluru-10-to-20-years-050423501717
Data Analyst,M3 (eu) Ltd,5-7 Yrs,Not disclosed,https://www.naukri.com/job-listings-data-analyst-m3-eu-ltd-bangalore-bengaluru-5-to-7-years-040423500015
Data Analyst,Vantageiq Technologies Opc,2-4 Yrs,Not disclosed,https://www.naukri.com/job-listings-data-analyst-vantageiq-technologies-opc-chennai-bangalore-bengaluru-2-to-4-years-030423005260
Data Analyst,Omnicom Media Group,3-8 Yrs,3-6.5 Lacs PA,https://www.naukri.com/job-listings-data-analyst-omnicom-media-group-hyderabad-secunderabad-gurgaon-gurugram-bangalore-bengaluru-3-to-8-years-030223011808
Data Analyst,Target,3-5 Yrs,Not disclosed,https://www.naukri.com/job-listings-data-analyst-target-corporation-india-pvt-ltd-bangalore-bengaluru-3-to-5-years-020223501963
Data Analyst,Orion It Services,5-6 Yrs,"70,000-80,000 PA",https://www.naukri.com/job-listings-data-analyst-orion-it-services-noida-ghaziabad-greater-noida-delhi-ncr-5-to-6-years-280323013514
Data Analyst,Herbolab India,3-8 Yrs,Not disclosed,https://www.naukri.com/job-listings-data-analyst-herbolab-india-mumbai-all-areas-3-to-8-years-280323012522
SIOP Data Analyst,Johnson Controls,3-5 Yrs,Not disclosed,https://www.naukri.com/job-listings-siop-data-analyst-johnson-controls-pune-3-to-5-years-270323500962
Events Data Analyst,Business Television India,1-2 Yrs,Not disclosed,https://www.naukri.com/job-listings-events-data-analyst-bloomberg-utv-mumbai-1-to-2-years-210223500152
Data Analyst-Level B,Jardine Lloyd Thompson,1-2 Yrs,Not disclosed,https://www.naukri.com/job-listings-data-analyst-level-b-jardine-lloyd-thompson-india-pvt-ltd-mumbai-gurgaon-gurugram-1-to-2-years-090323500878
Data Analyst,Johnson Controls,3-5 Yrs,Not disclosed,https://www.naukri.com/job-listings-data-analyst-johnson-controls-pune-3-to-5-years-080223502671
Data Analyst and Monitoring,Technoserve,2-4 Yrs,9-12 Lacs PA,https://www.naukri.com/job-listings-data-analyst-and-monitoring-technoserve-mumbai-2-to-4-years-070423003426
Data Analyst,Concerto.ai,3-5 Yrs,Not disclosed,https://www.naukri.com/job-listings-data-analyst-concerto-ai-bangalore-bengaluru-3-to-5-years-060421500162
Data Analyst,Coforge,4-7 Yrs,Not disclosed,https://www.naukri.com/job-listings-data-analyst-coforge-noida-greater-noida-4-to-7-years-050423501582
Data Analyst,Sterling Infosystems,2-4 Yrs,Not disclosed,https://www.naukri.com/job-listings-data-analyst-sterling-check-mumbai-2-to-4-years-010223500021
Data Analyst,Springrole India,3-6 Yrs,Not disclosed,https://www.naukri.com/job-listings-data-analyst-springrole-bengaluru-bangalore-3-to-6-years-280121501107
Data Analyst,Trusting Social,4-6 Yrs,Not disclosed,https://www.naukri.com/job-listings-data-analyst-trusting-social-bangalore-bengaluru-4-to-6-years-240223501915
Data Analyst,Whatdigital,4-6 Yrs,Not disclosed,https://www.naukri.com/job-listings-data-analyst-whatdigital-bangalore-bengaluru-4-to-6-years-131022501396
Data Analyst,Mm Staffing & Career Consultants,5-7 Yrs,Not disclosed,https://www.naukri.com/job-listings-data-analyst-mm-staffing-career-consultants-private-limited-bangalore-bengaluru-5-to-7-years-081222503253
Data Analyst,Target,2-4 Yrs,Not disclosed,https://www.naukri.com/job-listings-data-analyst-target-corporation-india-pvt-ltd-bangalore-bengaluru-2-to-4-years-070123500597
Data Analyst III,Vimeo,4-9 Yrs,Not disclosed,https://www.naukri.com/job-listings-data-analyst-iii-vimeo-technologies-private-limited-bangalore-bengaluru-4-to-9-years-310123500588
Data Analyst,TMD - The Modern Dimension,3-8 Yrs,Not disclosed,https://www.naukri.com/job-listings-data-analyst-tmd-the-modern-dimension-new-delhi-bangalore-bengaluru-3-to-8-years-300821501009
Data Analyst,Nextgrowth Labs,1-4 Yrs,Not disclosed,https://www.naukri.com/job-listings-data-analyst-nextgrowth-labs-bangalore-bengaluru-1-to-4-years-300322500811
data analyst,infoveave,1-3 Yrs,Not disclosed,https://www.naukri.com/job-listings-data-analyst-infoveave-bangalore-bengaluru-1-to-3-years-291222501110
Data Analyst,Pure Storage,1-4 Yrs,Not disclosed,https://www.naukri.com/job-listings-data-analyst-pure-storage-bangalore-bengaluru-1-to-4-years-290622500498
Data Analyst,ZapCom,2-5 Yrs,Not disclosed,https://www.naukri.com/job-listings-data-analyst-zapcom-group-bangalore-bengaluru-2-to-5-years-290622500050
Data Analyst,Biofourmis,2-4 Yrs,Not disclosed,https://www.naukri.com/job-listings-data-analyst-biofourmis-india-private-limited-bangalore-bengaluru-2-to-4-years-290422501115
Data Analyst,GM Infotech,2-5 Yrs,Not disclosed,https://www.naukri.com/job-listings-data-analyst-gm-infotech-bangalore-bengaluru-2-to-5-years-280223501504
Data Analyst L5,Varite,2-5 Yrs,Not disclosed,https://www.naukri.com/job-listings-data-analyst-l5-varite-bangalore-bengaluru-2-to-5-years-280123500732
Data Analyst,Goalreify Ventures,2-5 Yrs,Not disclosed,https://www.naukri.com/job-listings-data-analyst-goalreify-ventures-bangalore-bengaluru-2-to-5-years-270922501854
Data Analyst,Goalreify Ventures,2-5 Yrs,Not disclosed,https://www.naukri.com/job-listings-data-analyst-goalreify-ventures-bangalore-bengaluru-2-to-5-years-270922501853
Data Analyst,Goalreify Ventures,1-2 Yrs,Not disclosed,https://www.naukri.com/job-listings-data-analyst-goalreify-ventures-bangalore-bengaluru-1-to-2-years-270922501852
Data Analyst,Globals Ites,3-5 Yrs,Not disclosed,https://www.naukri.com/job-listings-data-analyst-globals-ites-pvt-ltd-bangalore-bengaluru-3-to-5-years-260421500684
Data Analyst,Thompsons Hr Consulting,2-7 Yrs,Not disclosed,https://www.naukri.com/job-listings-data-analyst-thompsons-hr-consulting-bangalore-bengaluru-2-to-7-years-250422500932
Data Analyst,Quin Bay Technologies,3-8 Yrs,Not disclosed,https://www.naukri.com/job-listings-data-analyst-quinbay-technology-bangalore-bengaluru-3-to-8-years-250123500138
Data Analyst,Varite,2-5 Yrs,Not disclosed,https://www.naukri.com/job-listings-data-analyst-varite-bangalore-bengaluru-2-to-5-years-241222500009
Data Analyst,Janes,1-3 Yrs,Not disclosed,https://www.naukri.com/job-listings-data-analyst-janes-bangalore-bengaluru-1-to-3-years-240922500985
Data Analyst-Bangalore,iT People Corporation,3-6 Yrs,Not disclosed,https://www.naukri.com/job-listings-data-analyst-bangalore-it-people-corporation-india-p-ltd-bangalore-bengaluru-3-to-6-years-240822502217
Data Analyst - 3,Varite,5-8 Yrs,Not disclosed,https://www.naukri.com/job-listings-data-analyst-3-varite-bangalore-bengaluru-5-to-8-years-240822501187
Data Analyst - 3,Varite,5-8 Yrs,Not disclosed,https://www.naukri.com/job-listings-data-analyst-3-varite-bangalore-bengaluru-5-to-8-years-240822501185
Data Analyst,Varite,3-5 Yrs,Not disclosed,https://www.naukri.com/job-listings-data-analyst-varite-bangalore-bengaluru-3-to-5-years-240822501175
Data analyst,Varite,2-5 Yrs,Not disclosed,https://www.naukri.com/job-listings-data-analyst-varite-bangalore-bengaluru-2-to-5-years-240822501168
Data Analyst,Etomate Technology,1-4 Yrs,Not disclosed,https://www.naukri.com/job-listings-data-analyst-etomate-technology-llp-bangalore-bengaluru-1-to-4-years-240322502079
Data Analyst,"Quotient, Inc.",1-3 Yrs,Not disclosed,https://www.naukri.com/job-listings-data-analyst-quotient-inc-bangalore-bengaluru-1-to-3-years-240320501476
Data Analyst,Creditaccess Grameen,2-5 Yrs,Not disclosed,https://www.naukri.com/job-listings-data-analyst-creditaccess-grameen-bangalore-bengaluru-2-to-5-years-231222501745
Data Analyst,AARNA HR SOLUTIONS PVT. LTD.,3-7 Yrs,Not disclosed,https://www.naukri.com/job-listings-data-analyst-aarna-hr-solutions-pvt-ltd-bengaluru-bangalore-3-to-7-years-231116500025
Data Analyst,Pure Storage,1-4 Yrs,Not disclosed,https://www.naukri.com/job-listings-data-analyst-pure-storage-bangalore-bengaluru-1-to-4-years-230922501360
Data Analyst,Diverse Lynx,1-5 Yrs,Not disclosed,https://www.naukri.com/job-listings-data-analyst-diverse-lynx-bangalore-bengaluru-1-to-5-years-220222501324
Data Analyst,Cityinfo Services,15-18 Yrs,Not disclosed,https://www.naukri.com/job-listings-data-analyst-cityinfo-services-pvt-ltd-bangalore-bengaluru-15-to-18-years-210622501601
Data Analyst,Acme Services,2-5 Yrs,Not disclosed,https://www.naukri.com/job-listings-data-analyst-acme-services-bangalore-bengaluru-2-to-5-years-210223503774
